{"train/l1_loss":0.10049552470445632,"_runtime":4543,"_wandb":{"runtime":4543},"train/lr":1.000000000000002e-05,"train/kld_loss":0.0008239960297942162,"_step":10000,"train/samples":640000,"_timestamp":1.7650698425440888e+09,"train/episodes":2331.0265882720223,"train/dataloading_s":0.05865796642901842,"train/epochs":33.300379832457466,"train/loss":0.11155553918331862,"train/update_s":0.26344259720353874,"train/grad_norm":6.934760475158692,"train/steps":10000}